USE PARCIAL2_EJ2
/* CIUDADES */
INSERT INTO CIUDADES (IDCIUDAD, CIUDAD) VALUES(1, 'BUENOS AIRES')
INSERT INTO CIUDADES (IDCIUDAD, CIUDAD) VALUES(2, 'ROSARIO')
INSERT INTO CIUDADES (IDCIUDAD, CIUDAD) VALUES(3, 'CÓRDOBA')
INSERT INTO CIUDADES (IDCIUDAD, CIUDAD) VALUES(4, 'RESISTENCIA')

/* CAMIONES */
INSERT INTO CAMIONES (IDCAMION, ANIO_PATENTAMIENTO, PESO_MAXIMO) VALUES('AAA111', 2005, 200)
INSERT INTO CAMIONES (IDCAMION, ANIO_PATENTAMIENTO, PESO_MAXIMO) VALUES('BBB222', 2007, 140)
INSERT INTO CAMIONES (IDCAMION, ANIO_PATENTAMIENTO, PESO_MAXIMO) VALUES('CCC333', 2010, 300)
INSERT INTO CAMIONES (IDCAMION, ANIO_PATENTAMIENTO, PESO_MAXIMO) VALUES('DDD444', 2012, 110)

/* VIAJES */
SET DATEFORMAT 'dmy'
INSERT INTO VIAJES (IDVIAJE, IDCAMION, IDCIUDAD, FECHAHORA) VALUES(1, 'AAA111', 2, '26/06/2014')
INSERT INTO VIAJES (IDVIAJE, IDCAMION, IDCIUDAD, FECHAHORA) VALUES(2, 'BBB222', 3, '01/07/2014')
INSERT INTO VIAJES (IDVIAJE, IDCAMION, IDCIUDAD, FECHAHORA) VALUES(3, 'CCC333', 4, '10/07/2014')
INSERT INTO VIAJES (IDVIAJE, IDCAMION, IDCIUDAD, FECHAHORA) VALUES(4, 'DDD444', 4, '10/07/2014')
INSERT INTO VIAJES (IDVIAJE, IDCAMION, IDCIUDAD, FECHAHORA) VALUES(5, 'CCC333', 2, '11/07/2014')

/* ENCOMIENDAS */
INSERT INTO ENCOMIENDAS(IDPAQUETE, IDVIAJE, PESO, COSTO) VALUES(1, 1, 120, 600)
INSERT INTO ENCOMIENDAS(IDPAQUETE, IDVIAJE, PESO, COSTO) VALUES(2, 1, 70, 350)
INSERT INTO ENCOMIENDAS(IDPAQUETE, IDVIAJE, PESO, COSTO) VALUES(3, 2, 80, 400)
INSERT INTO ENCOMIENDAS(IDPAQUETE, IDVIAJE, PESO, COSTO) VALUES(4, 5, 25, 125)
